<?xml version="1.0" encoding="UTF-8"?>
<project xsi:schemaLocation="http://maven.apache.org/POM/4.0.0 https://maven.apache.org/xsd/maven-4.0.0.xsd" xmlns="http://maven.apache.org/POM/4.0.0"
    xmlns:xsi="http://www.w3.org/2001/XMLSchema-instance">
  <modelVersion>4.0.0</modelVersion>
  <groupId>io.admin-shell.aas</groupId>
  <artifactId>model-v2</artifactId>
  <version>1.1.1</version>
  <dependencies>
    <dependency>
      <groupId>com.mycila</groupId>
      <artifactId>license-maven-plugin</artifactId>
      <version>4.1</version>
      <scope>compile</scope>
    </dependency>
    <dependency>
      <groupId>com.fasterxml.jackson.core</groupId>
      <artifactId>jackson-databind</artifactId>
      <version>2.13.3</version>
      <scope>compile</scope>
    </dependency>
  </dependencies>
</project>
